obs_date,median_price,median_income,mortgage_rate_30y,oer_index,cs_hpi,zhvi,treasury_10y,cpi,real_dpi_per_capita
1980-01-31,63700.0,20782.5487907931,12.89,,,,11.13,78.0,23036.0
1980-02-29,63700.0,20654.4396603758,13.59,,,,12.72,79.0,22894.0
1980-03-31,63700.0,20507.3848134884,16.03,,,,12.64,80.1,22731.0
1980-04-30,64000.0,20467.6890265985,16.25,,,,10.76,80.9,22687.0
1980-05-31,64000.0,20371.1560902982,13.2,,,,10.25,81.7,22580.0
1980-06-30,64000.0,20392.8083376926,12.35,,,,10.09,82.5,22604.0
1980-07-31,64900.0,20549.7871313026,12.18,,,,10.76,82.6,22778.0
1980-08-31,64900.0,20548.8849543278,12.95,,,,11.55,83.2,22777.0
1980-09-30,64900.0,20614.743873486,13.43,,,,11.86,83.9,22850.0
1980-10-31,66400.0,20755.48348155,14.0,,,,12.46,84.7,23006.0
1980-11-30,66400.0,20768.1139591968,14.28,,,,12.72,85.6,23020.0
1980-12-31,66400.0,20847.5055329765,14.95,,,,12.43,86.4,23108.0
1981-01-31,66800.0,20750.0704197014,15.07,,,,12.68,87.2,23000.0
1981-02-28,66800.0,20670.6788459217,15.3,,,,13.43,88.0,22912.0
1981-03-31,66800.0,20711.2768097863,15.4,,,,13.13,88.6,22957.0
1981-04-30,69400.0,20635.4939439057,15.77,,,,14.11,89.1,22873.0
1981-05-31,69400.0,20657.1461913001,16.8,,,,13.5,89.7,22897.0
1981-06-30,69400.0,20750.9725966762,16.62,,,,13.86,90.5,23001.0
1981-07-31,69200.0,21058.6149450726,17.11,,,,14.67,91.5,23342.0
1981-08-31,69200.0,21099.2129089373,17.48,,,,15.41,92.2,23387.0
1981-09-30,69200.0,21040.5714055772,18.36,,,,15.84,93.1,23322.0
1981-10-31,70400.0,21045.0822904511,18.44,,,,14.63,93.4,23327.0
1981-11-30,70400.0,21039.6692286025,17.21,,,,13.13,93.8,23321.0
1981-12-31,70400.0,20995.4625568388,17.04,,,,13.98,94.1,23272.0
1982-01-31,66400.0,21008.9952114603,17.59,,,,14.14,94.4,23287.0
1982-02-28,66400.0,21052.2997062492,17.52,,,,14.03,94.7,23335.0
1982-03-31,66400.0,21034.2561667539,17.04,,,,14.18,94.7,23315.0
1982-04-30,69600.0,21229.1263933041,16.81,,,,13.87,95.0,23531.0
1982-05-31,69600.0,21125.3760412056,16.63,,,,13.71,95.9,23416.0
1982-06-30,69600.0,20994.560379864,16.73,,,,14.44,97.0,23271.0
1982-07-31,69300.0,21168.6805359945,16.65,,,,13.68,97.5,23464.0
1982-08-31,69300.0,21184.0175445656,15.88,,,,12.81,97.7,23481.0
1982-09-30,69300.0,21158.7565892721,15.19,,,,11.73,97.7,23453.0
1982-10-31,71600.0,21119.962979357,14.15,,,,10.71,98.1,23410.0
1982-11-30,71600.0,21189.4306064142,13.77,,,,10.79,98.0,23487.0
1982-12-31,71600.0,21277.8439499417,13.57,,,,10.36,97.7,23585.0
1983-01-31,73300.0,21337.3876302764,13.1,100.6,,,10.8,97.9,23651.0
1983-02-28,73300.0,21333.7789223774,12.98,100.9,,,10.27,98.0,23647.0
1983-03-31,73300.0,21422.1922659048,12.86,100.9,,,10.62,98.1,23745.0
1983-04-30,74900.0,21454.6706369965,12.73,101.9,,,10.27,98.8,23781.0
1983-05-31,74900.0,21482.6381232144,12.68,102.1,,,10.81,99.2,23812.0
1983-06-30,74900.0,21481.7359462396,12.96,102.4,,,10.96,99.4,23811.0
1983-07-31,77400.0,21734.3454991751,13.65,102.8,,,11.76,99.8,24091.0
1983-08-31,77400.0,21672.9974648907,13.78,103.0,,,11.98,100.1,24023.0
1983-09-30,77400.0,21809.226188081,13.65,103.4,,,11.44,100.4,24174.0
1983-10-31,75900.0,21984.2485211863,13.43,103.6,,,11.74,100.8,24368.0
1983-11-30,75900.0,22155.6621463925,13.43,104.0,,,11.63,101.1,24558.0
1983-12-31,75900.0,22336.0975413464,13.43,104.4,,,11.82,101.4,24758.0
1984-01-31,78200.0,22420.0,13.29,104.7,,,11.67,102.1,24851.0
1984-02-29,78200.0,22420.0,13.25,105.1,,,12.04,102.6,24978.0
1984-03-31,78200.0,22420.0,13.55,105.6,,,12.53,102.9,25121.0
1984-04-30,80700.0,22420.0,13.73,106.4,,,12.82,103.3,25274.0
1984-05-31,80700.0,22420.0,14.08,106.6,,,13.91,103.5,25293.0
1984-06-30,80700.0,22420.0,14.5,107.0,,,13.84,103.7,25440.0
1984-07-31,81000.0,22420.0,14.67,107.8,,,12.91,104.1,25450.0
1984-08-31,81000.0,22420.0,14.38,108.1,,,12.79,104.4,25601.0
1984-09-30,81000.0,22420.0,14.26,108.6,,,12.47,104.7,25760.0
1984-10-31,79900.0,22420.0,14.05,108.9,,,11.79,105.1,25643.0
1984-11-30,79900.0,22420.0,13.42,109.2,,,11.58,105.3,25737.0
1984-12-31,79900.0,22420.0,13.14,109.7,,,11.55,105.5,25878.0
1985-01-31,82800.0,23620.0,12.96,110.0,,,11.17,105.7,25855.0
1985-02-28,82800.0,23620.0,12.94,110.8,,,11.91,106.3,25604.0
1985-03-31,82800.0,23620.0,13.29,111.1,,,11.65,106.8,25473.0
1985-04-30,84300.0,23620.0,13.12,111.3,,,11.41,107.0,25882.0
1985-05-31,84300.0,23620.0,12.71,112.6,,,10.28,107.2,26497.0
1985-06-30,84300.0,23620.0,12.15,113.0,,,10.25,107.5,25922.0
1985-07-31,83200.0,23620.0,12.03,113.5,,,10.57,107.7,25957.0
1985-08-31,83200.0,23620.0,12.11,114.3,,,10.28,107.9,25918.0
1985-09-30,83200.0,23620.0,12.17,114.5,,,10.31,108.1,26008.0
1985-10-31,86800.0,23620.0,12.07,114.8,,,10.01,108.5,26119.0
1985-11-30,86800.0,23620.0,11.58,115.7,,,9.59,109.0,26142.0
1985-12-31,86800.0,23620.0,11.09,116.2,,,9.0,109.5,26283.0
1986-01-31,88000.0,24900.0,10.89,116.8,,,9.08,109.9,26317.0
1986-02-28,88000.0,24900.0,10.51,117.1,,,8.13,109.7,26439.0
1986-03-31,88000.0,24900.0,10.1,118.1,,,7.39,109.1,26692.0
1986-04-30,92100.0,24900.0,9.86,118.7,,,7.38,108.7,26773.0
1986-05-31,92100.0,24900.0,10.38,118.9,,,8.05,109.0,26775.0
1986-06-30,92100.0,24900.0,10.62,119.3,,,7.35,109.4,26729.0
1986-07-31,93000.0,24900.0,10.4,119.5,,,7.34,109.5,26840.0
1986-08-31,93000.0,24900.0,9.93,119.9,,,6.95,109.6,26848.0
1986-09-30,93000.0,24900.0,10.1,120.5,,,7.45,110.0,26839.0
1986-10-31,95000.0,24900.0,9.89,121.0,,,7.34,110.2,26789.0
1986-11-30,95000.0,24900.0,9.5,121.3,,,7.15,110.4,26772.0
1986-12-31,95000.0,24900.0,9.29,121.5,,,7.23,110.8,26784.0
1987-01-31,97900.0,26060.0,9.08,121.9,63.732,,7.18,111.4,26851.0
1987-02-28,97900.0,26060.0,9.07,122.5,64.132,,7.19,111.8,26962.0
1987-03-31,97900.0,26060.0,9.03,123.1,64.467,,7.51,112.2,26967.0
1987-04-30,103400.0,26060.0,10.37,123.9,64.972,,8.21,112.7,25924.0
1987-05-31,103400.0,26060.0,10.7,124.4,65.547,,8.49,113.0,26955.0
1987-06-30,103400.0,26060.0,10.35,124.6,66.218,,8.38,113.5,26895.0
1987-07-31,106000.0,26060.0,10.27,124.6,66.786,,8.66,113.8,26948.0
1987-08-31,106000.0,26060.0,10.33,125.4,67.27,,9.0,114.3,27040.0
1987-09-30,106000.0,26060.0,11.02,125.8,67.623,,9.63,114.7,27022.0
1987-10-31,111500.0,26060.0,10.97,126.8,67.902,,8.88,115.0,27180.0
1987-11-30,111500.0,26060.0,10.55,127.1,68.091,,8.99,115.4,27277.0
1987-12-31,111500.0,26060.0,10.61,127.8,68.343,,8.83,115.6,27518.0
1988-01-31,110000.0,27230.0,10.16,128.5,68.583,,8.26,116.0,27576.0
1988-02-29,110000.0,27230.0,9.87,129.0,68.917,,8.16,116.2,27737.0
1988-03-31,110000.0,27230.0,9.99,129.4,69.326,,8.57,116.5,27845.0
1988-04-30,110000.0,27230.0,10.28,129.8,69.79,,8.87,117.2,27932.0
1988-05-31,110000.0,27230.0,10.58,130.2,70.409,,9.2,117.5,27959.0
1988-06-30,110000.0,27230.0,10.4,130.8,71.068,,8.82,118.0,28045.0
1988-07-31,115000.0,27230.0,10.49,131.3,71.685,,9.12,118.5,28141.0
1988-08-31,115000.0,27230.0,10.67,131.9,72.185,,9.25,119.0,28198.0
1988-09-30,115000.0,27230.0,10.42,132.5,72.574,,8.87,119.5,28229.0
1988-10-31,113900.0,27230.0,10.22,132.7,72.822,,8.65,119.9,28357.0
1988-11-30,113900.0,27230.0,10.39,133.5,73.064,,9.06,120.3,28344.0
1988-12-31,113900.0,27230.0,10.77,133.9,73.277,,9.14,120.7,28460.0
1989-01-31,118000.0,28910.0,10.6,134.4,73.617,,9.01,121.2,28556.0
1989-02-28,118000.0,28910.0,10.78,134.8,73.968,,9.32,121.6,28617.0
1989-03-31,118000.0,28910.0,11.19,135.3,74.41,,9.3,122.2,28736.0
1989-04-30,118900.0,28910.0,11.03,135.8,74.867,,9.02,123.1,28564.0
1989-05-31,118900.0,28910.0,10.5,136.5,75.294,,8.6,123.7,28408.0
1989-06-30,118900.0,28910.0,10.07,136.9,75.694,,8.1,124.1,28463.0
1989-07-31,120000.0,28910.0,9.81,137.5,76.04,,7.82,124.5,28535.0
1989-08-31,120000.0,28910.0,10.21,138.2,76.27,,8.26,124.5,28584.0
1989-09-30,120000.0,28910.0,10.16,138.7,76.419,,8.31,124.8,28641.0
1989-10-31,124800.0,28910.0,9.82,139.6,76.486,,7.92,125.4,28757.0
1989-11-30,124800.0,28910.0,9.74,140.1,76.519,,7.84,125.9,28762.0
1989-12-31,124800.0,28910.0,9.78,140.8,76.496,,7.93,126.3,28743.0
1990-01-31,123900.0,29940.0,10.05,141.1,76.527,,8.43,127.5,28895.0
1990-02-28,123900.0,29940.0,10.31,141.2,76.587,,8.51,128.0,28938.0
1990-03-31,123900.0,29940.0,10.22,142.6,76.79,,8.65,128.6,28923.0
1990-04-30,126800.0,29940.0,10.56,143.1,77.039,,9.04,128.9,29079.0
1990-05-31,126800.0,29940.0,10.33,143.5,77.297,,8.6,129.1,29017.0
1990-06-30,126800.0,29940.0,10.15,144.9,77.505,,8.43,129.9,29030.0
1990-07-31,117000.0,29940.0,9.98,145.7,77.559,,8.36,130.5,29101.0
1990-08-31,117000.0,29940.0,10.24,146.7,77.478,,8.86,131.6,28887.0
1990-09-30,117000.0,29940.0,10.22,147.0,77.227,,8.82,132.5,28843.0
1990-10-31,121500.0,29940.0,10.17,147.2,76.911,,8.65,133.4,28578.0
1990-11-30,121500.0,29940.0,9.9,147.1,76.379,,8.26,133.7,28558.0
1990-12-31,121500.0,29940.0,9.68,147.6,75.97,,8.08,134.2,28697.0
1991-01-31,120000.0,30130.0,9.61,148.1,75.532,,8.03,134.7,28593.0
1991-02-28,120000.0,30130.0,9.29,148.6,75.246,,8.02,134.8,28609.0
1991-03-31,120000.0,30130.0,9.52,148.8,75.132,,8.05,134.8,28629.0
1991-04-30,119900.0,30130.0,9.53,149.3,75.315,,8.02,135.1,28713.0
1991-05-31,119900.0,30130.0,9.45,149.7,75.765,,8.06,135.6,28687.0
1991-06-30,119900.0,30130.0,9.67,150.1,76.253,,8.24,136.0,28801.0
1991-07-31,120000.0,30130.0,9.5,150.5,76.512,,8.2,136.2,28709.0
1991-08-31,120000.0,30130.0,9.15,150.8,76.589,,7.82,136.6,28737.0
1991-09-30,120000.0,30130.0,8.92,151.4,76.574,,7.47,137.0,28778.0
1991-10-31,120000.0,30130.0,8.91,152.0,76.287,,7.47,137.2,28785.0
1991-11-30,120000.0,30130.0,8.7,152.6,76.028,,7.38,137.8,28796.0
1991-12-31,120000.0,30130.0,8.35,153.2,75.839,,6.71,138.2,29024.0
1992-01-31,119500.0,30640.0,8.68,153.5,75.702,,7.31,138.3,29275.0
1992-02-29,119500.0,30640.0,8.83,153.8,75.657,,7.27,138.6,29374.0
1992-03-31,119500.0,30640.0,8.98,154.4,75.815,,7.54,139.1,29368.0
1992-04-30,120000.0,30640.0,8.85,154.6,76.08,,7.61,139.4,29418.0
1992-05-31,120000.0,30640.0,8.6,154.9,76.397,,7.33,139.7,29521.0
1992-06-30,120000.0,30640.0,8.43,155.4,76.601,,7.14,140.1,29608.0
1992-07-31,120000.0,30640.0,8.05,155.7,76.71,,6.72,140.5,29549.0
1992-08-31,120000.0,30640.0,8.01,156.1,76.731,,6.62,140.8,29615.0
1992-09-30,120000.0,30640.0,8.02,156.0,76.628,,6.37,141.1,29440.0
1992-10-31,126000.0,30640.0,8.21,156.8,76.598,,6.8,141.7,29216.0
1992-11-30,126000.0,30640.0,8.29,157.3,76.579,,6.95,142.1,29229.0
1992-12-31,126000.0,30640.0,8.14,157.7,76.465,,6.7,142.3,30241.0
1993-01-31,125000.0,31240.0,7.86,158.5,76.396,,6.39,142.8,29552.0
1993-02-28,125000.0,31240.0,7.53,158.8,76.328,,6.03,143.1,29666.0
1993-03-31,125000.0,31240.0,7.5,159.0,76.383,,6.03,143.3,29546.0
1993-04-30,127000.0,31240.0,7.43,159.7,76.66,,6.05,143.8,29669.0
1993-05-31,127000.0,31240.0,7.5,160.0,77.029,,6.16,144.2,29595.0
1993-06-30,127000.0,31240.0,7.34,160.6,77.516,,5.8,144.3,29507.0
1993-07-31,127000.0,31240.0,7.25,160.7,77.886,,5.83,144.5,29547.0
1993-08-31,127000.0,31240.0,6.97,161.1,78.132,,5.45,144.8,29555.0
1993-09-30,127000.0,31240.0,6.95,161.4,78.199,,5.4,145.0,29440.0
1993-10-31,127000.0,31240.0,6.86,161.7,78.173,,5.43,145.6,29266.0
1993-11-30,127000.0,31240.0,7.31,162.1,78.172,,5.83,146.0,29318.0
1993-12-31,127000.0,31240.0,7.13,162.7,78.114,,5.83,146.3,30289.0
1994-01-31,130000.0,32260.0,6.97,163.1,78.199,,5.7,146.3,29694.0
1994-02-28,130000.0,32260.0,7.32,163.9,78.204,,6.15,146.7,29725.0
1994-03-31,130000.0,32260.0,7.8,164.5,78.348,,6.77,147.1,29793.0
1994-04-30,130000.0,32260.0,8.32,164.7,78.7,,7.06,147.2,29763.0
1994-05-31,130000.0,32260.0,8.53,165.1,79.208,,7.17,147.5,30077.0
1994-06-30,130000.0,32260.0,8.46,165.3,79.7,,7.34,147.9,29997.0
1994-07-31,129700.0,32260.0,8.57,165.6,80.062,,7.12,148.4,29991.0
1994-08-31,129700.0,32260.0,8.56,166.5,80.316,,7.19,149.0,29994.0
1994-09-30,129700.0,32260.0,8.82,167.1,80.339,,7.62,149.3,30092.0
1994-10-31,132000.0,32260.0,9.03,167.6,80.304,,7.81,149.4,30346.0
1994-11-30,132000.0,32260.0,9.25,168.0,80.169,,7.91,149.8,30316.0
1994-12-31,132000.0,32260.0,9.18,168.0,80.078,,7.84,150.1,30425.0
1995-01-31,130000.0,34080.0,9.13,168.6,80.026,,7.6,150.5,30495.0
1995-02-28,130000.0,34080.0,8.73,169.0,79.991,,7.22,150.9,30529.0
1995-03-31,130000.0,34080.0,8.38,169.5,80.077,,7.2,151.2,30585.0
1995-04-30,133900.0,34080.0,8.26,170.0,80.369,,7.07,151.8,30330.0
1995-05-31,133900.0,34080.0,7.85,170.6,80.691,,6.3,152.1,30607.0
1995-06-30,133900.0,34080.0,7.53,171.1,81.068,,6.21,152.4,30666.0
1995-07-31,132000.0,34080.0,7.79,171.5,81.412,,6.45,152.6,30701.0
1995-08-31,132000.0,34080.0,7.88,172.0,81.654,,6.28,152.9,30686.0
1995-09-30,132000.0,34080.0,7.62,172.5,81.738,,6.17,153.1,30749.0
1995-10-31,138000.0,34080.0,7.45,173.2,81.726,,6.03,153.5,30750.0
1995-11-30,138000.0,34080.0,7.35,173.7,81.63,,5.76,153.7,30805.0
1995-12-31,138000.0,34080.0,7.11,174.2,81.512,,5.58,153.9,30820.0
1996-01-31,137000.0,35490.0,7.0,174.6,81.427,,5.6,154.7,30836.0
1996-02-29,137000.0,35490.0,7.32,174.9,81.4,,6.13,155.0,31048.0
1996-03-31,137000.0,35490.0,7.69,175.4,81.666,,6.34,155.5,31119.0
1996-04-30,139900.0,35490.0,7.92,175.7,82.124,,6.66,156.1,30901.0
1996-05-31,139900.0,35490.0,8.03,176.2,82.601,,6.85,156.4,31260.0
1996-06-30,139900.0,35490.0,8.29,176.5,83.048,,6.73,156.7,31414.0
1996-07-31,140000.0,35490.0,8.19,177.0,83.418,,6.8,157.0,31295.0
1996-08-31,140000.0,35490.0,8.09,177.4,83.645,,6.96,157.2,31336.0
1996-09-30,140000.0,35490.0,8.16,177.8,83.701,,6.72,157.7,31372.0
1996-10-31,144100.0,35490.0,7.86,178.2,83.629,,6.37,158.2,31333.0
1996-11-30,144100.0,35490.0,7.52,178.6,83.556,,6.06,158.7,31384.0
1996-12-31,144100.0,35490.0,7.64,178.9,83.489,,6.43,159.1,31459.0
1997-01-31,145000.0,37010.0,7.88,179.4,83.529,,6.53,159.4,31519.0
1997-02-28,145000.0,37010.0,7.65,179.9,83.595,,6.56,159.7,31576.0
1997-03-31,145000.0,37010.0,7.97,180.2,83.909,,6.92,159.8,31693.0
1997-04-30,145800.0,37010.0,8.08,180.7,84.319,,6.72,159.9,31683.0
1997-05-31,145800.0,37010.0,7.94,181.2,84.863,,6.67,159.9,31789.0
1997-06-30,145800.0,37010.0,7.58,181.6,85.398,,6.51,160.2,31857.0
1997-07-31,145000.0,37010.0,7.43,182.2,85.841,,6.02,160.4,31944.0
1997-08-31,145000.0,37010.0,7.58,182.7,86.151,,6.34,160.8,32073.0
1997-09-30,145000.0,37010.0,7.28,183.1,86.311,,6.12,161.2,32121.0
1997-10-31,144200.0,37010.0,7.21,183.4,86.408,,5.84,161.5,32245.0
1997-11-30,144200.0,37010.0,7.17,184.0,86.632,,5.86,161.7,32424.0
1997-12-31,144200.0,37010.0,6.99,184.5,86.849,,5.75,161.8,32584.0
1998-01-31,152200.0,38890.0,7.12,185.0,87.164,,5.53,162.0,32843.0
1998-02-28,152200.0,38890.0,7.09,185.4,87.375,,5.62,162.0,33029.0
1998-03-31,152200.0,38890.0,7.08,186.0,87.878,,5.67,162.0,33195.0
1998-04-30,149500.0,38890.0,7.15,186.5,88.558,,5.68,162.2,33271.0
1998-05-31,149500.0,38890.0,7.07,187.0,89.373,,5.56,162.6,33377.0
1998-06-30,149500.0,38890.0,6.96,187.6,90.194,,5.44,162.8,33533.0
1998-07-31,153000.0,38890.0,6.97,188.1,90.858,,5.5,163.2,33555.0
1998-08-31,153000.0,38890.0,6.92,188.6,91.406,,5.05,163.4,33624.0
1998-09-30,153000.0,38890.0,6.64,189.1,91.751,,4.44,163.5,33683.0
1998-10-31,153000.0,38890.0,6.83,189.7,91.998,,4.64,163.9,33692.0
1998-11-30,153000.0,38890.0,6.78,190.1,92.196,,4.74,164.1,33794.0
1998-12-31,153000.0,38890.0,6.83,190.5,92.442,,4.65,164.4,33825.0
1999-01-31,157400.0,40700.0,6.74,190.9,92.713,,4.66,164.7,33985.0
1999-02-28,157400.0,40700.0,6.89,191.2,92.98,,5.29,164.7,34075.0
1999-03-31,157400.0,40700.0,6.98,191.6,93.611,,5.25,164.8,34076.0
1999-04-30,158700.0,40700.0,6.93,192.0,94.436,,5.36,165.9,33932.0
1999-05-31,158700.0,40700.0,7.23,192.4,95.361,,5.64,166.0,33957.0
1999-06-30,158700.0,40700.0,7.63,192.7,96.364,,5.81,166.0,34037.0
1999-07-31,159100.0,40700.0,7.7,193.1,97.192,,5.92,166.7,34064.0
1999-08-31,159100.0,40700.0,7.8,193.5,97.897,,5.98,167.1,34170.0
1999-09-30,159100.0,40700.0,7.76,193.9,98.399,,5.9,167.8,34089.0
1999-10-31,165300.0,40700.0,7.96,194.2,98.831,,6.02,168.1,34240.0
1999-11-30,165300.0,40700.0,7.75,194.7,99.147,,6.18,168.4,34430.0
1999-12-31,165300.0,40700.0,8.06,195.0,99.541,,6.45,168.8,34666.0
2000-01-31,165300.0,41990.0,8.25,196.0,100.0,123427.049538224,6.68,169.3,34865.0
2000-02-29,165300.0,41990.0,8.31,196.5,100.571,123644.197286225,6.42,170.0,34973.0
2000-03-31,165300.0,41990.0,8.23,196.9,101.466,123913.492466585,6.03,171.0,35037.0
2000-04-30,163200.0,41990.0,8.13,197.3,102.54,124491.077768912,6.23,170.9,35184.0
2000-05-31,163200.0,41990.0,8.62,197.8,103.701,125155.809204264,6.29,171.2,35300.0
2000-06-30,163200.0,41990.0,8.22,198.4,104.856,125868.490894129,6.03,172.2,35367.0
2000-07-31,168800.0,41990.0,8.13,198.8,105.723,126623.360396391,6.04,172.7,35525.0
2000-08-31,168800.0,41990.0,7.99,199.3,106.523,127438.168561775,5.73,172.7,35712.0
2000-09-30,168800.0,41990.0,7.88,199.9,107.137,128285.713709529,5.8,173.6,35721.0
2000-10-31,172900.0,41990.0,7.68,200.5,107.729,129136.486923899,5.77,173.9,35792.0
2000-11-30,172900.0,41990.0,7.73,201.0,108.292,129983.186027711,5.48,174.2,35777.0
2000-12-31,172900.0,41990.0,7.13,201.6,108.793,130831.028774051,5.12,174.6,35821.0
2001-01-31,169800.0,42230.0,7.15,202.2,109.216,131609.299853234,5.19,175.6,35962.0
2001-02-28,169800.0,42230.0,7.12,202.8,109.643,132298.544824172,4.92,176.0,35977.0
2001-03-31,169800.0,42230.0,6.91,203.6,110.395,132963.33251377,4.93,176.1,36059.0
2001-04-30,179000.0,42230.0,7.12,204.3,111.248,133682.115818571,5.35,176.4,35956.0
2001-05-31,179000.0,42230.0,7.2,205.1,112.203,134457.792832313,5.43,177.3,35862.0
2001-06-30,179000.0,42230.0,7.11,205.9,113.273,135253.620781954,5.42,177.7,35843.0
2001-07-31,172500.0,42230.0,7.03,206.5,114.229,136072.498608964,5.07,177.4,36347.0
2001-08-31,172500.0,42230.0,6.92,207.4,114.99,136927.980998752,4.85,177.4,36917.0
2001-09-30,172500.0,42230.0,6.72,208.1,115.466,137791.094912902,4.6,178.1,36569.0
2001-10-31,171100.0,42230.0,6.64,209.0,115.681,138650.500152624,4.3,177.6,35890.0
2001-11-30,171100.0,42230.0,7.02,209.9,115.838,139451.510157458,4.78,177.5,35903.0
2001-12-31,171100.0,42230.0,7.16,210.7,116.054,140202.47292486,5.07,177.4,35943.0
2002-01-31,188700.0,42410.0,6.96,211.4,116.436,140866.63087273,5.07,177.7,36670.0
2002-02-28,188700.0,42410.0,6.81,212.0,116.917,141501.884183074,4.88,178.0,36704.0
2002-03-31,188700.0,42410.0,7.18,212.7,117.93,142149.496371994,5.42,178.5,36704.0
2002-04-30,187200.0,42410.0,6.88,213.4,119.209,142854.073301284,5.11,179.3,36800.0
2002-05-31,187200.0,42410.0,6.76,213.9,120.789,143632.291877614,5.08,179.5,36918.0
2002-06-30,187200.0,42410.0,6.55,214.5,122.334,144475.257294937,4.86,179.6,36997.0
2002-07-31,178100.0,42410.0,6.34,215.1,123.688,145399.396367594,4.51,180.0,36872.0
2002-08-31,178100.0,42410.0,6.22,215.5,124.731,146386.071087562,4.14,180.5,36846.0
2002-09-30,178100.0,42410.0,5.99,216.2,125.495,147385.868685204,3.63,180.8,36851.0
2002-10-31,190100.0,42410.0,6.31,216.7,126.138,148384.155041646,3.93,181.2,36918.0
2002-11-30,190100.0,42410.0,6.13,217.2,126.644,149334.953532746,4.22,181.5,36991.0
2002-12-31,190100.0,42410.0,5.93,217.7,127.152,150260.583835785,3.83,181.8,37066.0
2003-01-31,186000.0,43320.0,5.9,218.3,127.653,151098.232573771,4.0,182.6,37007.0
2003-02-28,186000.0,43320.0,5.79,218.6,128.327,151899.742968864,3.71,183.6,36857.0
2003-03-31,186000.0,43320.0,5.91,218.9,129.308,152700.819390998,3.83,183.9,36909.0
2003-04-30,191800.0,43320.0,5.79,219.0,130.488,153572.936621459,3.89,183.2,37075.0
2003-05-31,191800.0,43320.0,5.31,219.3,131.839,154532.489284969,3.37,182.9,37320.0
2003-06-30,191800.0,43320.0,5.24,219.3,133.225,155527.935503135,3.54,183.1,37388.0
2003-07-31,191900.0,43320.0,5.94,219.8,134.647,156575.498755241,4.49,183.7,37806.0
2003-08-31,191900.0,43320.0,6.32,220.2,135.966,157688.112412995,4.45,184.5,38033.0
2003-09-30,191900.0,43320.0,5.98,220.7,137.077,158865.421893227,3.96,185.1,37569.0
2003-10-31,198800.0,43320.0,5.94,221.3,137.977,160053.448842753,4.33,184.9,37680.0
2003-11-30,198800.0,43320.0,5.89,221.8,138.766,161158.184701312,4.34,185.0,37879.0
2003-12-31,198800.0,43320.0,5.85,222.0,139.629,162197.012180149,4.27,185.5,37884.0
2004-01-31,212700.0,44330.0,5.68,222.4,140.706,163188.835224259,4.16,186.3,37840.0
2004-02-29,212700.0,44330.0,5.58,222.8,142.028,164248.420484974,3.99,186.7,37884.0
2004-03-31,212700.0,44330.0,5.4,223.3,144.08,165417.412731033,3.86,187.1,38011.0
2004-04-30,217600.0,44330.0,6.01,224.0,146.18,166724.247791728,4.53,187.4,38111.0
2004-05-31,217600.0,44330.0,6.32,224.4,148.335,168195.804200092,4.66,188.2,38272.0
2004-06-30,217600.0,44330.0,6.25,224.9,150.519,169798.388349407,4.62,188.9,38266.0
2004-07-31,213500.0,44330.0,6.08,225.3,152.338,171525.322579906,4.5,189.1,38318.0
2004-08-31,213500.0,44330.0,5.82,225.8,153.815,173277.101666623,4.13,189.2,38401.0
2004-09-30,213500.0,44330.0,5.72,226.1,155.108,175006.697765297,4.14,189.8,38385.0
2004-10-31,228800.0,44330.0,5.64,226.4,156.298,176664.144324459,4.05,190.8,38362.0
2004-11-30,228800.0,44330.0,5.72,226.7,157.496,178219.780477761,4.36,191.7,38208.0
2004-12-31,228800.0,44330.0,5.81,227.1,158.67,179752.387848797,4.24,191.7,39581.0
2005-01-31,232500.0,46330.0,5.66,227.7,160.131,181235.297952825,4.14,191.6,38086.0
2005-02-28,232500.0,46330.0,5.69,228.3,161.926,182748.26048016,4.36,192.4,38070.0
2005-03-31,232500.0,46330.0,6.04,228.7,164.578,184308.986465721,4.5,193.1,38180.0
2005-04-30,233700.0,46330.0,5.78,229.0,167.001,186067.206497355,4.21,193.7,38273.0
2005-05-31,233700.0,46330.0,5.65,229.5,169.546,187934.949995356,4.0,193.6,38408.0
2005-06-30,233700.0,46330.0,5.53,229.8,172.017,189891.238134494,3.94,193.7,38454.0
2005-07-31,236400.0,46330.0,5.77,230.3,174.099,191862.106560914,4.28,194.9,38460.0
2005-08-31,236400.0,46330.0,5.77,230.7,175.925,193855.637991423,4.02,196.1,38487.0
2005-09-30,236400.0,46330.0,5.91,231.2,177.613,195816.097096129,4.34,198.8,38318.0
2005-10-31,243600.0,46330.0,6.15,231.6,178.755,197672.924835658,4.57,199.1,38499.0
2005-11-30,243600.0,46330.0,6.28,232.2,179.677,199368.012810476,4.49,198.1,38709.0
2005-12-31,243600.0,46330.0,6.22,232.7,180.11,200899.614359834,4.39,198.1,38798.0
2006-01-31,247700.0,48200.0,6.12,233.4,180.829,202211.187255231,4.53,199.3,39162.0
2006-02-28,247700.0,48200.0,6.26,234.1,181.5,203429.247435897,4.55,199.4,39306.0
2006-03-31,247700.0,48200.0,6.35,234.9,182.749,204656.08397522,4.86,199.7,39428.0
2006-04-30,246300.0,48200.0,6.58,235.8,183.648,205974.288625905,5.07,200.7,39388.0
2006-05-31,246300.0,48200.0,6.62,236.9,184.38,207275.356672866,5.12,201.3,39332.0
2006-06-30,246300.0,48200.0,6.78,238.0,184.547,208422.887409241,5.15,201.8,39350.0
2006-07-31,235600.0,48200.0,6.72,238.9,184.608,209321.967337587,4.99,202.9,39299.0
2006-08-31,235600.0,48200.0,6.44,239.7,184.405,210013.669795929,4.74,203.8,39231.0
2006-09-30,235600.0,48200.0,6.31,240.4,184.198,210466.585116291,4.64,202.8,39406.0
2006-10-31,245400.0,48200.0,6.4,241.3,184.054,210786.431675772,4.61,201.9,39550.0
2006-11-30,245400.0,48200.0,6.14,242.0,183.631,210954.054084061,4.46,202.0,39680.0
2006-12-31,245400.0,48200.0,6.18,242.7,183.228,211055.201417607,4.71,203.1,39838.0
2007-01-31,257400.0,50230.0,6.25,243.345,182.717,211092.593577515,4.83,203.437,39803.0
2007-02-28,257400.0,50230.0,6.22,244.02,182.469,211132.397336944,4.56,204.226,39906.0
2007-03-31,257400.0,50230.0,6.16,244.602,182.191,211161.117116102,4.65,205.288,40007.0
2007-04-30,242200.0,50230.0,6.16,244.993,182.129,211190.358893343,4.63,205.904,40037.0
2007-05-31,242200.0,50230.0,6.42,245.236,181.882,211097.172231883,4.9,206.755,40029.0
2007-06-30,242200.0,50230.0,6.67,245.69,181.539,210829.431285832,5.03,207.234,39974.0
2007-07-31,241800.0,50230.0,6.69,246.149,180.992,210332.05810747,4.78,207.603,39983.0
2007-08-31,241800.0,50230.0,6.45,246.815,180.234,209744.619461015,4.54,207.667,39962.0
2007-09-30,241800.0,50230.0,6.42,247.487,179.121,209042.997110405,4.59,208.547,39988.0
2007-10-31,238400.0,50230.0,6.33,248.075,177.53,208289.392611061,4.48,209.19,39923.0
2007-11-30,238400.0,50230.0,6.1,248.876,175.162,207384.71877987,3.97,210.834,39857.0
2007-12-31,238400.0,50230.0,6.17,249.532,173.337,206430.145774396,4.04,211.445,39993.0
2008-01-31,233900.0,50300.0,5.68,250.013,171.076,205334.915519242,3.67,212.174,40020.0
2008-02-29,233900.0,50300.0,6.24,250.419,169.189,204128.526280023,3.53,212.687,40007.0
2008-03-31,233900.0,50300.0,5.85,250.899,167.9,202772.189287656,3.45,213.448,39992.0
2008-04-30,235300.0,50300.0,6.03,251.408,167.317,201308.022885964,3.77,213.942,39815.0
2008-05-31,235300.0,50300.0,6.08,251.677,167.014,199785.296643734,4.06,215.208,41742.0
2008-06-30,235300.0,50300.0,6.45,252.229,166.533,198183.719533205,3.99,217.463,40660.0
2008-07-31,226500.0,50300.0,6.52,252.62,165.711,196479.38117618,3.99,219.016,40009.0
2008-08-31,226500.0,50300.0,6.4,252.992,164.276,194589.358166385,3.83,218.69,39752.0
2008-09-30,226500.0,50300.0,6.09,253.572,161.911,192676.944173334,3.85,218.877,39812.0
2008-10-31,222500.0,50300.0,6.46,253.936,159.161,190810.262611818,4.01,216.995,40080.0
2008-11-30,222500.0,50300.0,5.97,254.6,156.07,188983.62876973,2.93,213.153,40396.0
2008-12-31,222500.0,50300.0,5.1,254.772,152.544,187173.282132213,2.25,211.398,40182.0
2009-01-31,208400.0,49780.0,5.1,255.33,149.361,185407.109039784,2.87,211.933,40393.0
2009-02-28,208400.0,49780.0,5.07,255.657,147.617,183901.140285193,3.02,212.705,39975.0
2009-03-31,208400.0,49780.0,4.85,256.229,146.513,182520.002744671,2.71,212.495,39952.0
2009-04-30,220900.0,49780.0,4.78,256.603,146.94,181218.391168055,3.16,212.709,40177.0
2009-05-31,220900.0,49780.0,4.91,257.03,148.167,179902.31740246,3.47,213.022,40735.0
2009-06-30,220900.0,49780.0,5.42,257.073,149.794,178662.615363116,3.53,214.79,39966.0
2009-07-31,214300.0,49780.0,5.25,257.045,150.747,177539.840549418,3.52,214.726,39759.0
2009-08-31,214300.0,49780.0,5.14,257.248,150.668,176501.261067558,3.4,215.445,39649.0
2009-09-30,214300.0,49780.0,5.04,256.958,149.628,175547.021379435,3.31,215.861,39732.0
2009-10-31,219000.0,49780.0,5.03,256.92,148.585,174767.382800482,3.41,216.509,39579.0
2009-11-30,219000.0,49780.0,4.78,256.616,147.94,174327.293526562,3.21,217.234,39652.0
2009-12-31,219000.0,49780.0,5.14,256.598,146.667,174130.008746059,3.85,217.347,39807.0
2010-01-31,222900.0,49280.0,4.98,256.425,145.003,174065.737562398,3.63,217.488,39798.0
2010-02-28,222900.0,49280.0,5.05,256.373,143.055,173995.364949608,3.61,217.281,39792.0
2010-03-31,222900.0,49280.0,4.99,256.185,143.595,173991.855004237,3.84,217.353,39924.0
2010-04-30,219500.0,49280.0,5.06,256.152,145.398,174096.453851774,3.69,217.403,40244.0
2010-05-31,219500.0,49280.0,4.78,256.302,147.031,174156.952919329,3.31,217.29,40520.0
2010-06-30,219500.0,49280.0,4.69,256.447,147.698,174013.322679711,2.97,217.199,40506.0
2010-07-31,224100.0,49280.0,4.54,256.552,147.56,173469.740147489,2.94,217.605,40509.0
2010-08-31,224100.0,49280.0,4.36,256.574,146.426,172666.663858041,2.47,217.923,40598.0
2010-09-30,224100.0,49280.0,4.32,256.686,144.607,171671.138347599,2.53,218.275,40562.0
2010-10-31,224300.0,49280.0,4.23,256.833,143.125,170642.009005676,2.63,219.035,40541.0
2010-11-30,224300.0,49280.0,4.4,257.11,141.813,169597.236476781,2.81,219.59,40554.0
2010-12-31,224300.0,49280.0,4.86,257.334,140.622,168624.944269149,3.3,220.472,40771.0
2011-01-31,226900.0,50050.0,4.8,257.62,139.029,167724.483945126,3.42,221.187,40938.0
2011-02-28,226900.0,50050.0,4.95,257.985,137.724,166890.346968893,3.42,221.898,41033.0
2011-03-31,226900.0,50050.0,4.86,258.207,137.779,166096.027547763,3.47,223.046,40901.0
2011-04-30,228100.0,50050.0,4.78,258.436,139.153,165265.230034048,3.32,224.093,40807.0
2011-05-31,228100.0,50050.0,4.6,258.73,140.689,164389.996503905,3.05,224.806,40731.0
2011-06-30,228100.0,50050.0,4.51,259.128,141.942,163532.451177171,3.18,224.806,40868.0
2011-07-31,223500.0,50050.0,4.55,259.712,142.34,162809.401525876,2.82,225.395,40995.0
2011-08-31,223500.0,50050.0,4.22,260.211,141.782,162201.873903435,2.23,226.106,40945.0
2011-09-30,223500.0,50050.0,4.01,260.52,140.161,161680.528415884,1.92,226.597,40857.0
2011-10-31,221100.0,50050.0,4.1,261.005,138.399,161167.676294098,2.17,226.75,40861.0
2011-11-30,221100.0,50050.0,3.98,261.386,136.652,160731.627557048,2.08,227.169,40806.0
2011-12-31,221100.0,50050.0,3.95,261.874,135.155,160352.82111337,1.89,227.223,41150.0
2012-01-31,238400.0,51020.0,3.98,262.366,134.156,160121.796969933,1.83,227.842,41346.0
2012-02-29,238400.0,51020.0,3.95,262.722,133.987,160103.063477684,1.98,228.329,41520.0
2012-03-31,238400.0,51020.0,3.99,263.286,135.855,160315.852317975,2.23,228.807,41614.0
2012-04-30,238700.0,51020.0,3.88,263.871,138.461,160679.026130447,1.95,229.187,41749.0
2012-05-31,238700.0,51020.0,3.75,264.202,141.037,161123.778813283,1.59,228.713,41710.0
2012-06-30,238700.0,51020.0,3.66,264.477,143.158,161656.227175346,1.67,228.524,41634.0
2012-07-31,248800.0,51020.0,3.49,264.9,144.272,162237.290187183,1.51,228.59,41296.0
2012-08-31,248800.0,51020.0,3.59,265.44,144.695,162735.454943046,1.57,229.918,41144.0
2012-09-30,248800.0,51020.0,3.4,266.029,144.348,163304.448000437,1.65,231.015,41404.0
2012-10-31,251700.0,51020.0,3.41,266.495,143.958,163919.360191326,1.72,231.638,41656.0
2012-11-30,251700.0,51020.0,3.32,266.921,143.951,164653.959224462,1.62,231.249,42180.0
2012-12-31,251700.0,51020.0,3.35,267.333,143.858,165422.548111882,1.78,231.221,43190.0
2013-01-31,258400.0,53590.0,3.53,267.787,144.302,166304.240047119,2.02,231.679,40645.0
2013-02-28,258400.0,53590.0,3.51,268.325,145.152,167251.405142607,1.89,232.937,40526.0
2013-03-31,258400.0,53590.0,3.57,268.758,147.952,168239.863751418,1.87,232.282,40625.0
2013-04-30,268100.0,53590.0,3.4,269.314,150.96,169315.564769987,1.7,231.797,40733.0
2013-05-31,268100.0,53590.0,3.81,269.825,153.85,170572.870943148,2.16,231.893,40900.0
2013-06-30,268100.0,53590.0,4.46,270.366,156.417,171969.451288148,2.52,232.445,40878.0
2013-07-31,264800.0,53590.0,4.31,270.758,158.275,173235.822819491,2.6,232.9,40806.0
2013-08-31,264800.0,53590.0,4.51,271.415,159.382,174470.202076642,2.78,233.456,40862.0
2013-09-30,264800.0,53590.0,4.32,271.927,159.663,175597.146690232,2.64,233.544,41014.0
2013-10-31,273600.0,53590.0,4.1,272.52,159.55,176846.925710328,2.57,233.669,40818.0
2013-11-30,273600.0,53590.0,4.29,273.211,159.361,177869.73803346,2.75,234.1,40867.0
2013-12-31,273600.0,53590.0,4.48,273.957,159.278,178806.051410246,3.04,234.719,40905.0
2014-01-31,275200.0,53660.0,4.32,274.535,159.364,179623.080046037,2.67,235.288,41070.0
2014-02-28,275200.0,53660.0,4.37,275.131,159.865,180494.894558125,2.66,235.547,41263.0
2014-03-31,275200.0,53660.0,4.4,275.799,161.179,181374.863681818,2.73,236.028,41464.0
2014-04-30,288000.0,53660.0,4.33,276.381,162.955,182258.175494641,2.67,236.468,41597.0
2014-05-31,288000.0,53660.0,4.12,276.957,164.667,183267.024558243,2.48,236.918,41704.0
2014-06-30,288000.0,53660.0,4.14,277.49,166.196,184161.37604474,2.53,237.231,41825.0
2014-07-31,281000.0,53660.0,4.12,278.129,167.12,185039.807360508,2.58,237.498,41877.0
2014-08-31,281000.0,53660.0,4.1,278.694,167.436,185712.387225116,2.35,237.46,42029.0
2014-09-30,281000.0,53660.0,4.2,279.278,167.227,186342.7027224,2.52,237.477,42123.0
2014-10-31,298900.0,53660.0,3.98,279.905,166.896,186758.342186146,2.35,237.43,42293.0
2014-11-30,298900.0,53660.0,3.97,280.565,166.645,187300.96669372,2.18,236.983,42494.0
2014-12-31,298900.0,53660.0,3.87,281.063,166.446,187964.601838934,2.17,236.252,42763.0
2015-01-31,289200.0,56520.0,3.66,281.777,166.232,188781.687979014,1.68,234.747,42984.0
2015-02-28,289200.0,56520.0,3.8,282.535,166.61,189594.99026802,2.0,235.342,43118.0
2015-03-31,289200.0,56520.0,3.69,283.27,168.069,190421.309245006,1.94,235.976,42980.0
2015-04-30,289100.0,56520.0,3.68,284.061,169.954,191324.822480004,2.05,236.222,43049.0
2015-05-31,289100.0,56520.0,3.87,284.712,171.836,192321.54429449,2.12,237.001,43096.0
2015-06-30,289100.0,56520.0,4.02,285.668,173.433,193278.767213888,2.35,237.657,43093.0
2015-07-31,295800.0,56520.0,3.98,286.463,174.476,194267.858688784,2.2,238.034,43161.0
2015-08-31,295800.0,56520.0,3.84,287.106,174.915,195305.270082476,2.21,238.033,43222.0
2015-09-30,295800.0,56520.0,3.86,287.882,175.019,196452.406118256,2.06,237.498,43302.0
2015-10-31,302500.0,56520.0,3.76,288.538,175.024,197658.016571109,2.16,237.733,43347.0
2015-11-30,302500.0,56520.0,3.95,289.169,175.113,198740.91423428,2.21,238.017,43308.0
2015-12-31,302500.0,56520.0,4.01,289.883,175.087,199818.477186367,2.27,237.761,43487.0
2016-01-31,299800.0,59040.0,3.79,290.694,175.011,200979.760624993,1.94,237.652,43650.0
2016-02-29,299800.0,59040.0,3.62,291.45,175.26,202135.619234401,1.74,237.336,43670.0
2016-03-31,299800.0,59040.0,3.71,292.144,176.582,202995.663190369,1.78,238.08,43645.0
2016-04-30,306000.0,59040.0,3.66,293.006,178.477,203782.012319442,1.83,238.992,43529.0
2016-05-31,306000.0,59040.0,3.64,294.009,180.325,204572.19864954,1.84,239.557,43470.0
2016-06-30,306000.0,59040.0,3.48,294.913,181.898,205534.719720114,1.49,240.222,43470.0
2016-07-31,303800.0,59040.0,3.48,295.753,183.001,206267.228603493,1.46,240.101,43610.0
2016-08-31,303800.0,59040.0,3.43,296.567,183.639,206955.9204891,1.58,240.545,43631.0
2016-09-30,303800.0,59040.0,3.42,297.625,183.925,207711.288965711,1.6,241.176,43700.0
2016-10-31,310900.0,59040.0,3.47,298.494,183.994,208663.103648391,1.84,241.741,43752.0
2016-11-30,310900.0,59040.0,4.03,299.459,184.203,209716.935468871,2.37,242.026,43843.0
2016-12-31,310900.0,59040.0,4.32,300.275,184.375,210829.812843766,2.45,242.637,43942.0
2017-01-31,313100.0,61140.0,4.19,300.984,184.629,211944.137646136,2.45,243.618,44105.0
2017-02-28,313100.0,61140.0,4.16,301.751,184.997,213110.419990486,2.36,244.006,44216.0
2017-03-31,313100.0,61140.0,4.14,302.365,186.506,214311.23837104,2.4,243.892,44378.0
2017-04-30,318200.0,61140.0,4.03,302.962,188.52,215615.9863282,2.29,244.193,44457.0
2017-05-31,318200.0,61140.0,3.95,303.615,190.516,216777.137322917,2.21,244.004,44743.0
2017-06-30,318200.0,61140.0,3.88,304.437,192.241,217865.32086357,2.31,244.163,44741.0
2017-07-31,320500.0,61140.0,3.92,305.221,193.485,218793.110220375,2.3,244.243,44841.0
2017-08-31,320500.0,61140.0,3.82,306.229,194.318,219743.913118993,2.12,245.183,44868.0
2017-09-30,320500.0,61140.0,3.83,307.061,194.787,220733.83386055,2.33,246.435,44925.0
2017-10-31,337900.0,61140.0,3.94,308.001,195.051,221863.545306898,2.38,246.626,45030.0
2017-11-30,337900.0,61140.0,3.9,308.79,195.415,223081.058902244,2.42,247.284,45075.0
2017-12-31,337900.0,61140.0,3.99,309.822,195.811,224355.208524661,2.4,247.805,45136.0
2018-01-31,331800.0,63180.0,4.15,310.637,196.082,225615.735261642,2.72,248.859,45390.0
2018-02-28,331800.0,63180.0,4.4,311.213,196.874,226839.718224311,2.87,249.529,45479.0
2018-03-31,331800.0,63180.0,4.44,312.207,198.54,228255.57568932,2.74,249.577,45624.0
2018-04-30,315600.0,63180.0,4.58,313.169,200.579,229544.768506966,2.95,250.227,45703.0
2018-05-31,315600.0,63180.0,4.56,313.968,202.415,230797.128954145,2.83,250.792,45835.0
2018-06-30,315600.0,63180.0,4.55,314.67,204.008,231705.892726494,2.85,251.018,45998.0
2018-07-31,330900.0,63180.0,4.54,315.576,204.917,232857.05529844,2.96,251.214,46173.0
2018-08-31,330900.0,63180.0,4.52,316.436,205.295,233960.987866146,2.86,251.663,46312.0
2018-09-30,330900.0,63180.0,4.72,317.115,205.342,235078.135578564,3.05,252.182,46284.0
2018-10-31,322800.0,63180.0,4.86,318.018,205.339,235846.318335976,3.15,252.772,46373.0
2018-11-30,322800.0,63180.0,4.81,319.011,205.077,236618.385131286,3.01,252.594,46476.0
2018-12-31,322800.0,63180.0,4.55,319.777,204.667,237443.490390123,2.69,252.767,47038.0
2019-01-31,313000.0,68700.0,4.46,320.571,204.169,238438.769318152,2.63,252.561,47113.0
2019-02-28,313000.0,68700.0,4.35,321.56,204.394,239593.884288427,2.73,253.319,47172.0
2019-03-31,313000.0,68700.0,4.06,322.538,205.74,240814.471990615,2.41,254.277,47174.0
2019-04-30,322500.0,68700.0,4.2,323.616,207.652,241903.113454202,2.51,255.233,47059.0
2019-05-31,322500.0,68700.0,3.99,324.449,209.314,242714.727014817,2.14,255.296,47034.0
2019-06-30,322500.0,68700.0,3.73,325.418,210.549,243427.942034169,2.0,255.213,47102.0
2019-07-31,318400.0,68700.0,3.75,326.218,211.3,244084.591943706,2.02,255.802,47137.0
2019-08-31,318400.0,68700.0,3.58,327.043,211.659,244806.334440671,1.5,256.036,47363.0
2019-09-30,318400.0,68700.0,3.64,327.953,211.837,245442.055237228,1.68,256.43,47438.0
2019-10-31,327100.0,68700.0,3.78,328.581,211.931,246327.519219328,1.69,257.155,47477.0
2019-11-30,327100.0,68700.0,3.68,329.44,212.07,247532.569488691,1.78,257.879,47603.0
2019-12-31,327100.0,68700.0,3.74,330.255,212.201,248949.55225686,1.92,258.63,47334.0
2020-01-31,329000.0,68010.0,3.51,331.327,212.361,250509.79981121,1.51,259.127,47800.0
2020-02-29,329000.0,68010.0,3.45,332.056,213.18,252034.583709775,1.13,259.25,47961.0
2020-03-31,329000.0,68010.0,3.5,332.877,215.156,253620.831135539,0.7,258.076,47344.0
2020-04-30,317100.0,68010.0,3.23,333.532,217.2,254979.05776603,0.64,256.032,54304.0
2020-05-31,317100.0,68010.0,3.15,334.293,218.448,255743.580043702,0.65,255.802,51575.0
2020-06-30,317100.0,68010.0,3.13,334.617,219.774,256173.978002562,0.66,257.042,51388.0
2020-07-31,327900.0,68010.0,2.99,335.334,221.53,256864.323307441,0.55,258.352,51838.0
2020-08-31,327900.0,68010.0,2.91,335.891,224.008,258518.70429478,0.72,259.316,49835.0
2020-09-30,327900.0,68010.0,2.9,336.126,226.757,261360.107272215,0.69,259.997,50099.0
2020-10-31,338600.0,68010.0,2.81,336.841,229.764,264830.887547296,0.88,260.319,49907.0
2020-11-30,338600.0,68010.0,2.72,336.982,232.265,268756.214849648,0.84,260.911,49323.0
2020-12-31,338600.0,68010.0,2.67,337.456,234.315,272581.929164006,0.93,262.045,49374.0
2021-01-31,355000.0,70780.0,2.73,337.954,236.391,276261.385321692,1.11,262.687,54791.0
2021-02-28,355000.0,70780.0,2.97,338.78,239.174,280022.56638175,1.44,263.579,50288.0
2021-03-31,355000.0,70780.0,3.17,339.559,244.172,283948.525866235,1.74,264.961,61793.0
2021-04-30,367800.0,70780.0,2.98,340.371,249.781,288242.269087788,1.65,266.614,52450.0
2021-05-31,367800.0,70780.0,2.95,341.339,255.404,293005.570112757,1.58,268.383,50939.0
2021-06-30,367800.0,70780.0,3.02,342.479,261.12,298128.372795252,1.45,270.654,50671.0
2021-07-31,395200.0,70780.0,2.8,343.51,265.446,302726.660003479,1.24,271.903,50982.0
2021-08-31,395200.0,70780.0,2.87,344.4,268.714,305994.411048019,1.3,272.676,50857.0
2021-09-30,395200.0,70780.0,3.01,345.833,271.364,307988.843392633,1.52,273.91,50266.0
2021-10-31,414000.0,70780.0,3.14,347.414,273.571,309943.626755118,1.55,276.55,50258.0
2021-11-30,414000.0,70780.0,3.1,348.902,275.94,312593.672391711,1.43,278.919,50093.0
2021-12-31,414000.0,70780.0,3.11,350.281,278.514,315859.67619247,1.52,280.845,49845.0
2022-01-31,413500.0,74580.0,3.55,351.723,281.892,320352.946392771,1.79,282.543,48616.0
2022-02-28,413500.0,74580.0,3.89,353.327,287.111,325734.520931684,1.83,284.5,48607.0
2022-03-31,413500.0,74580.0,4.67,354.948,294.902,332061.845570206,2.32,287.674,48344.0
2022-04-30,437700.0,74580.0,5.1,356.68,301.516,338385.689647014,2.89,288.561,48312.0
2022-05-31,437700.0,74580.0,5.1,358.746,306.276,344036.691657533,2.85,291.298,48219.0
2022-06-30,437700.0,74580.0,5.7,361.281,308.07,348760.2726807,2.98,294.957,48071.0
2022-07-31,438000.0,74580.0,5.3,363.586,306.905,351242.594756607,2.67,294.913,48660.0
2022-08-31,438000.0,74580.0,5.55,366.085,303.48,351620.447950637,3.15,295.097,48912.0
2022-09-30,438000.0,74580.0,6.7,368.911,300.312,350330.358457773,3.83,296.349,49043.0
2022-10-31,442600.0,74580.0,7.08,371.331,298.526,349089.805067565,4.1,298.007,49165.0
2022-11-30,442600.0,74580.0,6.58,373.785,296.71,348071.246927852,3.68,298.786,49210.0
2022-12-31,442600.0,74580.0,6.42,376.638,294.204,347146.156686389,3.88,298.832,49403.0
2023-01-31,429000.0,80610.0,6.13,378.987,292.698,345933.803127164,3.52,300.42,50353.0
2023-02-28,429000.0,80610.0,6.5,381.63,293.494,345047.780791954,3.92,301.45,50594.0
2023-03-31,429000.0,80610.0,6.32,383.473,297.412,344985.156868229,3.48,301.821,50861.0
2023-04-30,418500.0,80610.0,6.43,385.629,301.519,345967.251353956,3.44,302.845,50936.0
2023-05-31,418500.0,80610.0,6.57,387.629,305.382,347622.925088662,3.64,303.334,51085.0
2023-06-30,418500.0,80610.0,6.71,389.533,308.341,349596.1704659,3.81,304.014,51106.0
2023-07-31,435400.0,80610.0,6.81,391.463,310.265,351376.184461435,3.97,304.609,51166.0
2023-08-31,435400.0,80610.0,7.18,392.889,311.628,353027.961264899,4.09,306.082,51195.0
2023-09-30,435400.0,80610.0,7.31,394.979,312.482,354275.886169455,4.59,307.276,51171.0
2023-10-31,423200.0,80610.0,7.79,396.753,312.829,355209.714865111,4.88,307.696,51302.0
2023-11-30,423200.0,80610.0,7.22,398.791,312.067,355871.259308376,4.37,308.148,51515.0
2023-12-31,423200.0,80610.0,6.61,400.545,310.888,356310.281148375,3.88,308.741,51637.0
2024-01-31,426800.0,83730.0,6.69,402.591,310.759,356747.164464947,3.99,309.698,51878.0
2024-02-29,426800.0,,6.94,404.441,312.678,357547.787381306,4.25,310.967,51902.0
2024-03-31,426800.0,,6.79,406.121,316.858,359104.830164703,4.2,312.345,51924.0
2024-04-30,414500.0,,7.17,407.788,320.786,360979.616446362,4.69,313.023,51946.0
2024-05-31,414500.0,,7.03,409.53,323.727,362427.77506879,4.51,313.175,52124.0
2024-06-30,414500.0,,6.86,410.765,325.285,362995.022678348,4.36,313.044,52192.0
2024-07-31,415300.0,,6.78,412.24,325.601,363144.548898909,4.09,313.569,52135.0
2024-08-31,415300.0,,6.35,414.013,325.046,363390.364846586,3.91,314.062,52136.0
2024-09-30,415300.0,,6.08,415.507,324.664,363845.492398878,3.81,314.732,52159.0
2024-10-31,419300.0,,6.72,417.356,323.982,364439.943927489,4.28,315.631,52252.0
2024-11-30,419300.0,,6.81,418.447,323.7,364937.940856802,4.18,316.528,52348.0
2024-12-31,419300.0,,6.85,419.793,323.318,365665.171601419,4.58,317.604,52376.0
2025-01-31,423100.0,,6.95,421.094,323.672,366301.158064375,4.58,318.961,52422.0
2025-02-28,423100.0,,6.76,422.36,325.142,366765.116772507,4.24,319.679,52465.0
2025-03-31,423100.0,,6.65,423.921,327.753,366487.273088873,4.23,319.785,52794.0
2025-04-30,416100.0,,6.81,425.341,329.911,365954.408883441,4.17,320.302,53077.0
2025-05-31,416100.0,,6.89,426.53,331.426,365262.665069778,4.41,320.62,52609.0
2025-06-30,416100.0,,6.77,427.833,331.611,364639.882647108,4.24,321.435,52529.0
2025-07-31,410100.0,,6.72,429.015,330.949,364209.427055565,4.37,322.169,52740.0
2025-08-31,410100.0,,6.56,430.456,329.857,363979.75302495,4.23,323.291,52829.0
2025-09-30,410100.0,,6.3,431.132,328.88,364223.486665091,4.16,324.245,52865.0
2025-10-31,412300.0,,6.17,,328.235,364661.623596991,4.11,,52760.0
2025-11-30,412300.0,,6.23,432.524,327.8,365343.53605459,4.02,325.063,52793.0
2025-12-31,412300.0,,6.15,433.884,326.957,366141.31182223,4.18,326.031,52762.0
2026-01-31,403200.0,,6.1,434.837,326.359,366902.442255464,4.26,326.588,53094.0
2026-02-28,,,5.98,435.813,327.311,367622.830023826,3.97,327.46,52889.0
2026-03-31,,,6.38,437.051,,368117.684407234,4.3,330.293,52853.0
2026-04-30,,,6.3,439.379,,368197.746706133,4.4,332.407,
2026-05-31,,,6.51,,,,4.57,,
